Organized_Studies,,,,,,,,,,"<html>
<head><meta charset=""utf-8"" /></head>
<body>
    <div>            <script crossorigin=""anonymous"" src=""https://cdnjs.cloudflare.com/ajax/libs/mathjax/2.7.5/MathJax.js?config=TeX-AMS-MML_SVG""></script><script>if (window.MathJax && window.MathJax.Hub && window.MathJax.Hub.Config) {window.MathJax.Hub.Config({SVG: {font: ""STIX-Web""}});}</script>                <script>window.PlotlyConfig = {MathJaxConfig: 'local'};</script>
        <script charset=""utf-8"" crossorigin=""anonymous"" src=""https://cdn.plot.ly/plotly-3.4.0.min.js"" integrity=""sha256-KEmPoupLpFyGMyGAiOsiNDbKDKAvxXAn/W+oQa0ZAfk="" crossorigin=""anonymous""></script>                <div id=""a090abe7-1585-4ec3-bf4f-c41e2ce0d16c"" class=""plotly-graph-div"" style=""height:100%; width:100%;""></div>            <script>                window.PLOTLYENV=window.PLOTLYENV || {};                                if (document.getElementById(""a090abe7-1585-4ec3-bf4f-c41e2ce0d16c"")) {                    Plotly.newPlot(                        ""a090abe7-1585-4ec3-bf4f-c41e2ce0d16c"",                        [{""coloraxis"":""coloraxis"",""geo"":""geo"",""hovertemplate"":""\u003cb\u003e%{hovertext}\u003c\u002fb\u003e\u003cbr\u003e\u003cbr\u003eISO=%{location}\u003cbr\u003eNumber of Studies=%{z}\u003cextra\u003e\u003c\u002fextra\u003e"",""hovertext"":[""United Arab Emirates"",""Argentina"",""Australia"",""Belgium"",""Brazil"",""Canada"",""Switzerland"",""Chile"",""China"",""Czech Republic"",""Germany"",""Denmark"",""Spain"",""France"",""United Kingdom"",""Greece"",""Hong Kong"",""Hungary"",""India"",""Iran"",""Israel"",""Italy"",""Japan"",""South Korea"",""Mexico"",""Netherlands"",""Norway"",""Poland"",""Saudi Arabia"",""Slovenia"",""Sweden"",""Turkey"",""Taiwan"",""United States""],""locations"":[""ARE"",""ARG"",""AUS"",""BEL"",""BRA"",""CAN"",""CHE"",""CHL"",""CHN"",""CZE"",""DEU"",""DNK"",""ESP"",""FRA"",""GBR"",""GRC"",""HKG"",""HUN"",""IND"",""IRN"",""ISR"",""ITA"",""JPN"",""KOR"",""MEX"",""NLD"",""NOR"",""POL"",""SAU"",""SVN"",""SWE"",""TUR"",""TWN"",""USA""],""name"":"""",""z"":{""dtype"":""i2"",""bdata"":""AQACAAMAAQAJAAkAAQADAAQAAgAlAAQAEQAEAB8AAgABAAIAAgABAAEAAwAGAAMAAQAGAAEABAADAAEABwAEAAIAgAA=""},""type"":""choropleth""}],                        {""template"":{""data"":{""histogram2dcontour"":[{""type"":""histogram2dcontour"",""colorbar"":{""outlinewidth"":0,""ticks"":""""},""colorscale"":[[0.0,""#0d0887""],[0.1111111111111111,""#46039f""],[0.2222222222222222,""#7201a8""],[0.3333333333333333,""#9c179e""],[0.4444444444444444,""#bd3786""],[0.5555555555555556,""#d8576b""],[0.6666666666666666,""#ed7953""],[0.7777777777777778,""#fb9f3a""],[0.8888888888888888,""#fdca26""],[1.0,""#f0f921""]]}],""choropleth"":[{""type"":""choropleth"",""colorbar"":{""outlinewidth"":0,""ticks"":""""}}],""histogram2d"":[{""type"":""histogram2d"",""colorbar"":{""outlinewidth"":0,""ticks"":""""},""colorscale"":[[0.0,""#0d0887""],[0.1111111111111111,""#46039f""],[0.2222222222222222,""#7201a8""],[0.3333333333333333,""#9c179e""],[0.4444444444444444,""#bd3786""],[0.5555555555555556,""#d8576b""],[0.6666666666666666,""#ed7953""],[0.7777777777777778,""#fb9f3a""],[0.8888888888888888,""#fdca26""],[1.0,""#f0f921""]]}],""heatmap"":[{""type"":""heatmap"",""colorbar"":{""outlinewidth"":0,""ticks"":""""},""colorscale"":[[0.0,""#0d0887""],[0.1111111111111111,""#46039f""],[0.2222222222222222,""#7201a8""],[0.3333333333333333,""#9c179e""],[0.4444444444444444,""#bd3786""],[0.5555555555555556,""#d8576b""],[0.6666666666666666,""#ed7953""],[0.7777777777777778,""#fb9f3a""],[0.8888888888888888,""#fdca26""],[1.0,""#f0f921""]]}],""contourcarpet"":[{""type"":""contourcarpet"",""colorbar"":{""outlinewidth"":0,""ticks"":""""}}],""contour"":[{""type"":""contour"",""colorbar"":{""outlinewidth"":0,""ticks"":""""},""colorscale"":[[0.0,""#0d0887""],[0.1111111111111111,""#46039f""],[0.2222222222222222,""#7201a8""],[0.3333333333333333,""#9c179e""],[0.4444444444444444,""#bd3786""],[0.5555555555555556,""#d8576b""],[0.6666666666666666,""#ed7953""],[0.7777777777777778,""#fb9f3a""],[0.8888888888888888,""#fdca26""],[1.0,""#f0f921""]]}],""surface"":[{""type"":""surface"",""colorbar"":{""outlinewidth"":0,""ticks"":""""},""colorscale"":[[0.0,""#0d0887""],[0.1111111111111111,""#46039f""],[0.2222222222222222,""#7201a8""],[0.3333333333333333,""#9c179e""],[0.4444444444444444,""#bd3786""],[0.5555555555555556,""#d8576b""],[0.6666666666666666,""#ed7953""],[0.7777777777777778,""#fb9f3a""],[0.8888888888888888,""#fdca26""],[1.0,""#f0f921""]]}],""mesh3d"":[{""type"":""mesh3d"",""colorbar"":{""outlinewidth"":0,""ticks"":""""}}],""scatter"":[{""fillpattern"":{""fillmode"":""overlay"",""size"":10,""solidity"":0.2},""type"":""scatter""}],""parcoords"":[{""type"":""parcoords"",""line"":{""colorbar"":{""outlinewidth"":0,""ticks"":""""}}}],""scatterpolargl"":[{""type"":""scatterpolargl"",""marker"":{""colorbar"":{""outlinewidth"":0,""ticks"":""""}}}],""bar"":[{""error_x"":{""color"":""#2a3f5f""},""error_y"":{""color"":""#2a3f5f""},""marker"":{""line"":{""color"":""#E5ECF6"",""width"":0.5},""pattern"":{""fillmode"":""overlay"",""size"":10,""solidity"":0.2}},""type"":""bar""}],""scattergeo"":[{""type"":""scattergeo"",""marker"":{""colorbar"":{""outlinewidth"":0,""ticks"":""""}}}],""scatterpolar"":[{""type"":""scatterpolar"",""marker"":{""colorbar"":{""outlinewidth"":0,""ticks"":""""}}}],""histogram"":[{""marker"":{""pattern"":{""fillmode"":""overlay"",""size"":10,""solidity"":0.2}},""type"":""histogram""}],""scattergl"":[{""type"":""scattergl"",""marker"":{""colorbar"":{""outlinewidth"":0,""ticks"":""""}}}],""scatter3d"":[{""type"":""scatter3d"",""line"":{""colorbar"":{""outlinewidth"":0,""ticks"":""""}},""marker"":{""colorbar"":{""outlinewidth"":0,""ticks"":""""}}}],""scattermap"":[{""type"":""scattermap"",""marker"":{""colorbar"":{""outlinewidth"":0,""ticks"":""""}}}],""scattermapbox"":[{""type"":""scattermapbox"",""marker"":{""colorbar"":{""outlinewidth"":0,""ticks"":""""}}}],""scatterternary"":[{""type"":""scatterternary"",""marker"":{""colorbar"":{""outlinewidth"":0,""ticks"":""""}}}],""scattercarpet"":[{""type"":""scattercarpet"",""marker"":{""colorbar"":{""outlinewidth"":0,""ticks"":""""}}}],""carpet"":[{""aaxis"":{""endlinecolor"":""#2a3f5f"",""gridcolor"":""white"",""linecolor"":""white"",""minorgridcolor"":""white"",""startlinecolor"":""#2a3f5f""},""baxis"":{""endlinecolor"":""#2a3f5f"",""gridcolor"":""white"",""linecolor"":""white"",""minorgridcolor"":""white"",""startlinecolor"":""#2a3f5f""},""type"":""carpet""}],""table"":[{""cells"":{""fill"":{""color"":""#EBF0F8""},""line"":{""color"":""white""}},""header"":{""fill"":{""color"":""#C8D4E3""},""line"":{""color"":""white""}},""type"":""table""}],""barpolar"":[{""marker"":{""line"":{""color"":""#E5ECF6"",""width"":0.5},""pattern"":{""fillmode"":""overlay"",""size"":10,""solidity"":0.2}},""type"":""barpolar""}],""pie"":[{""automargin"":true,""type"":""pie""}]},""layout"":{""autotypenumbers"":""strict"",""colorway"":[""#636efa"",""#EF553B"",""#00cc96"",""#ab63fa"",""#FFA15A"",""#19d3f3"",""#FF6692"",""#B6E880"",""#FF97FF"",""#FECB52""],""font"":{""color"":""#2a3f5f""},""hovermode"":""closest"",""hoverlabel"":{""align"":""left""},""paper_bgcolor"":""white"",""plot_bgcolor"":""#E5ECF6"",""polar"":{""bgcolor"":""#E5ECF6"",""angularaxis"":{""gridcolor"":""white"",""linecolor"":""white"",""ticks"":""""},""radialaxis"":{""gridcolor"":""white"",""linecolor"":""white"",""ticks"":""""}},""ternary"":{""bgcolor"":""#E5ECF6"",""aaxis"":{""gridcolor"":""white"",""linecolor"":""white"",""ticks"":""""},""baxis"":{""gridcolor"":""white"",""linecolor"":""white"",""ticks"":""""},""caxis"":{""gridcolor"":""white"",""linecolor"":""white"",""ticks"":""""}},""coloraxis"":{""colorbar"":{""outlinewidth"":0,""ticks"":""""}},""colorscale"":{""sequential"":[[0.0,""#0d0887""],[0.1111111111111111,""#46039f""],[0.2222222222222222,""#7201a8""],[0.3333333333333333,""#9c179e""],[0.4444444444444444,""#bd3786""],[0.5555555555555556,""#d8576b""],[0.6666666666666666,""#ed7953""],[0.7777777777777778,""#fb9f3a""],[0.8888888888888888,""#fdca26""],[1.0,""#f0f921""]],""sequentialminus"":[[0.0,""#0d0887""],[0.1111111111111111,""#46039f""],[0.2222222222222222,""#7201a8""],[0.3333333333333333,""#9c179e""],[0.4444444444444444,""#bd3786""],[0.5555555555555556,""#d8576b""],[0.6666666666666666,""#ed7953""],[0.7777777777777778,""#fb9f3a""],[0.8888888888888888,""#fdca26""],[1.0,""#f0f921""]],""diverging"":[[0,""#8e0152""],[0.1,""#c51b7d""],[0.2,""#de77ae""],[0.3,""#f1b6da""],[0.4,""#fde0ef""],[0.5,""#f7f7f7""],[0.6,""#e6f5d0""],[0.7,""#b8e186""],[0.8,""#7fbc41""],[0.9,""#4d9221""],[1,""#276419""]]},""xaxis"":{""gridcolor"":""white"",""linecolor"":""white"",""ticks"":"""",""title"":{""standoff"":15},""zerolinecolor"":""white"",""automargin"":true,""zerolinewidth"":2},""yaxis"":{""gridcolor"":""white"",""linecolor"":""white"",""ticks"":"""",""title"":{""standoff"":15},""zerolinecolor"":""white"",""automargin"":true,""zerolinewidth"":2},""scene"":{""xaxis"":{""backgroundcolor"":""#E5ECF6"",""gridcolor"":""white"",""linecolor"":""white"",""showbackground"":true,""ticks"":"""",""zerolinecolor"":""white"",""gridwidth"":2},""yaxis"":{""backgroundcolor"":""#E5ECF6"",""gridcolor"":""white"",""linecolor"":""white"",""showbackground"":true,""ticks"":"""",""zerolinecolor"":""white"",""gridwidth"":2},""zaxis"":{""backgroundcolor"":""#E5ECF6"",""gridcolor"":""white"",""linecolor"":""white"",""showbackground"":true,""ticks"":"""",""zerolinecolor"":""white"",""gridwidth"":2}},""shapedefaults"":{""line"":{""color"":""#2a3f5f""}},""annotationdefaults"":{""arrowcolor"":""#2a3f5f"",""arrowhead"":0,""arrowwidth"":1},""geo"":{""bgcolor"":""white"",""landcolor"":""#E5ECF6"",""subunitcolor"":""white"",""showland"":true,""showlakes"":true,""lakecolor"":""white""},""title"":{""x"":0.05},""mapbox"":{""style"":""light""}}},""geo"":{""domain"":{""x"":[0.0,1.0],""y"":[0.0,1.0]},""center"":{},""projection"":{""type"":""natural earth""},""showframe"":false,""showcoastlines"":true},""coloraxis"":{""colorbar"":{""title"":{""text"":""Studies""},""thickness"":15},""colorscale"":[[0.0,""rgb(255,255,204)""],[0.125,""rgb(255,237,160)""],[0.25,""rgb(254,217,118)""],[0.375,""rgb(254,178,76)""],[0.5,""rgb(253,141,60)""],[0.625,""rgb(252,78,42)""],[0.75,""rgb(227,26,28)""],[0.875,""rgb(189,0,38)""],[1.0,""rgb(128,0,38)""]]},""legend"":{""tracegroupgap"":0},""title"":{""text"":""\ud83d\udccd Study Distribution by Country"",""font"":{""size"":16}},""margin"":{""l"":10,""r"":10,""t"":50,""b"":10},""font"":{""size"":12}},                        {""displaylogo"": false, ""responsive"": true}                    )                };            </script>        </div>
</body>
</html>",,,,,,,,"<html>
<head><meta charset=""utf-8"" /></head>
<body>
    <div>            <script crossorigin=""anonymous"" src=""https://cdnjs.cloudflare.com/ajax/libs/mathjax/2.7.5/MathJax.js?config=TeX-AMS-MML_SVG""></script><script>if (window.MathJax && window.MathJax.Hub && window.MathJax.Hub.Config) {window.MathJax.Hub.Config({SVG: {font: ""STIX-Web""}});}</script>                <script>window.PlotlyConfig = {MathJaxConfig: 'local'};</script>
        <script charset=""utf-8"" crossorigin=""anonymous"" src=""https://cdn.plot.ly/plotly-3.4.0.min.js"" integrity=""sha256-KEmPoupLpFyGMyGAiOsiNDbKDKAvxXAn/W+oQa0ZAfk="" crossorigin=""anonymous""></script>                <div id=""54aac6d1-1f10-45d4-9e61-00920895b993"" class=""plotly-graph-div"" style=""height:100%; width:100%;""></div>            <script>                window.PLOTLYENV=window.PLOTLYENV || {};                                if (document.getElementById(""54aac6d1-1f10-45d4-9e61-00920895b993"")) {                    Plotly.newPlot(                        ""54aac6d1-1f10-45d4-9e61-00920895b993"",                        [{""marker"":{""color"":""#4C78A8""},""name"":""Studies per Year"",""opacity"":0.7,""x"":{""dtype"":""i4"",""bdata"":""1AcAANYHAADXBwAA2AcAANkHAADaBwAA2wcAANwHAADdBwAA3gcAAN8HAADgBwAA4QcAAOIHAADjBwAA5AcAAOUHAADmBwAA5wcAAOgHAADpBwAA6gcAAA==""},""y"":{""dtype"":""i1"",""bdata"":""BQIDCAsTDxsSFBYQDw8QDgoLCxcTDA==""},""type"":""bar""},{""line"":{""color"":""#E45756"",""width"":3},""marker"":{""size"":5},""mode"":""lines+markers"",""name"":""Cumulative Total"",""x"":{""dtype"":""i4"",""bdata"":""1AcAANYHAADXBwAA2AcAANkHAADaBwAA2wcAANwHAADdBwAA3gcAAN8HAADgBwAA4QcAAOIHAADjBwAA5AcAAOUHAADmBwAA5wcAAOgHAADpBwAA6gcAAA==""},""y"":{""dtype"":""i2"",""bdata"":""BQAHAAoAEgAdADAAPwBaAGwAgACWAKYAtQDEANQA4gDsAPcAAgEZASwBOAE=""},""yaxis"":""y2"",""type"":""scatter""}],                        {""template"":{""data"":{""histogram2dcontour"":[{""type"":""histogram2dcontour"",""colorbar"":{""outlinewidth"":0,""ticks"":""""},""colorscale"":[[0.0,""#0d0887""],[0.1111111111111111,""#46039f""],[0.2222222222222222,""#7201a8""],[0.3333333333333333,""#9c179e""],[0.4444444444444444,""#bd3786""],[0.5555555555555556,""#d8576b""],[0.6666666666666666,""#ed7953""],[0.7777777777777778,""#fb9f3a""],[0.8888888888888888,""#fdca26""],[1.0,""#f0f921""]]}],""choropleth"":[{""type"":""choropleth"",""colorbar"":{""outlinewidth"":0,""ticks"":""""}}],""histogram2d"":[{""type"":""histogram2d"",""colorbar"":{""outlinewidth"":0,""ticks"":""""},""colorscale"":[[0.0,""#0d0887""],[0.1111111111111111,""#46039f""],[0.2222222222222222,""#7201a8""],[0.3333333333333333,""#9c179e""],[0.4444444444444444,""#bd3786""],[0.5555555555555556,""#d8576b""],[0.6666666666666666,""#ed7953""],[0.7777777777777778,""#fb9f3a""],[0.8888888888888888,""#fdca26""],[1.0,""#f0f921""]]}],""heatmap"":[{""type"":""heatmap"",""colorbar"":{""outlinewidth"":0,""ticks"":""""},""colorscale"":[[0.0,""#0d0887""],[0.1111111111111111,""#46039f""],[0.2222222222222222,""#7201a8""],[0.3333333333333333,""#9c179e""],[0.4444444444444444,""#bd3786""],[0.5555555555555556,""#d8576b""],[0.6666666666666666,""#ed7953""],[0.7777777777777778,""#fb9f3a""],[0.8888888888888888,""#fdca26""],[1.0,""#f0f921""]]}],""contourcarpet"":[{""type"":""contourcarpet"",""colorbar"":{""outlinewidth"":0,""ticks"":""""}}],""contour"":[{""type"":""contour"",""colorbar"":{""outlinewidth"":0,""ticks"":""""},""colorscale"":[[0.0,""#0d0887""],[0.1111111111111111,""#46039f""],[0.2222222222222222,""#7201a8""],[0.3333333333333333,""#9c179e""],[0.4444444444444444,""#bd3786""],[0.5555555555555556,""#d8576b""],[0.6666666666666666,""#ed7953""],[0.7777777777777778,""#fb9f3a""],[0.8888888888888888,""#fdca26""],[1.0,""#f0f921""]]}],""surface"":[{""type"":""surface"",""colorbar"":{""outlinewidth"":0,""ticks"":""""},""colorscale"":[[0.0,""#0d0887""],[0.1111111111111111,""#46039f""],[0.2222222222222222,""#7201a8""],[0.3333333333333333,""#9c179e""],[0.4444444444444444,""#bd3786""],[0.5555555555555556,""#d8576b""],[0.6666666666666666,""#ed7953""],[0.7777777777777778,""#fb9f3a""],[0.8888888888888888,""#fdca26""],[1.0,""#f0f921""]]}],""mesh3d"":[{""type"":""mesh3d"",""colorbar"":{""outlinewidth"":0,""ticks"":""""}}],""scatter"":[{""fillpattern"":{""fillmode"":""overlay"",""size"":10,""solidity"":0.2},""type"":""scatter""}],""parcoords"":[{""type"":""parcoords"",""line"":{""colorbar"":{""outlinewidth"":0,""ticks"":""""}}}],""scatterpolargl"":[{""type"":""scatterpolargl"",""marker"":{""colorbar"":{""outlinewidth"":0,""ticks"":""""}}}],""bar"":[{""error_x"":{""color"":""#2a3f5f""},""error_y"":{""color"":""#2a3f5f""},""marker"":{""line"":{""color"":""#E5ECF6"",""width"":0.5},""pattern"":{""fillmode"":""overlay"",""size"":10,""solidity"":0.2}},""type"":""bar""}],""scattergeo"":[{""type"":""scattergeo"",""marker"":{""colorbar"":{""outlinewidth"":0,""ticks"":""""}}}],""scatterpolar"":[{""type"":""scatterpolar"",""marker"":{""colorbar"":{""outlinewidth"":0,""ticks"":""""}}}],""histogram"":[{""marker"":{""pattern"":{""fillmode"":""overlay"",""size"":10,""solidity"":0.2}},""type"":""histogram""}],""scattergl"":[{""type"":""scattergl"",""marker"":{""colorbar"":{""outlinewidth"":0,""ticks"":""""}}}],""scatter3d"":[{""type"":""scatter3d"",""line"":{""colorbar"":{""outlinewidth"":0,""ticks"":""""}},""marker"":{""colorbar"":{""outlinewidth"":0,""ticks"":""""}}}],""scattermap"":[{""type"":""scattermap"",""marker"":{""colorbar"":{""outlinewidth"":0,""ticks"":""""}}}],""scattermapbox"":[{""type"":""scattermapbox"",""marker"":{""colorbar"":{""outlinewidth"":0,""ticks"":""""}}}],""scatterternary"":[{""type"":""scatterternary"",""marker"":{""colorbar"":{""outlinewidth"":0,""ticks"":""""}}}],""scattercarpet"":[{""type"":""scattercarpet"",""marker"":{""colorbar"":{""outlinewidth"":0,""ticks"":""""}}}],""carpet"":[{""aaxis"":{""endlinecolor"":""#2a3f5f"",""gridcolor"":""white"",""linecolor"":""white"",""minorgridcolor"":""white"",""startlinecolor"":""#2a3f5f""},""baxis"":{""endlinecolor"":""#2a3f5f"",""gridcolor"":""white"",""linecolor"":""white"",""minorgridcolor"":""white"",""startlinecolor"":""#2a3f5f""},""type"":""carpet""}],""table"":[{""cells"":{""fill"":{""color"":""#EBF0F8""},""line"":{""color"":""white""}},""header"":{""fill"":{""color"":""#C8D4E3""},""line"":{""color"":""white""}},""type"":""table""}],""barpolar"":[{""marker"":{""line"":{""color"":""#E5ECF6"",""width"":0.5},""pattern"":{""fillmode"":""overlay"",""size"":10,""solidity"":0.2}},""type"":""barpolar""}],""pie"":[{""automargin"":true,""type"":""pie""}]},""layout"":{""autotypenumbers"":""strict"",""colorway"":[""#636efa"",""#EF553B"",""#00cc96"",""#ab63fa"",""#FFA15A"",""#19d3f3"",""#FF6692"",""#B6E880"",""#FF97FF"",""#FECB52""],""font"":{""color"":""#2a3f5f""},""hovermode"":""closest"",""hoverlabel"":{""align"":""left""},""paper_bgcolor"":""white"",""plot_bgcolor"":""#E5ECF6"",""polar"":{""bgcolor"":""#E5ECF6"",""angularaxis"":{""gridcolor"":""white"",""linecolor"":""white"",""ticks"":""""},""radialaxis"":{""gridcolor"":""white"",""linecolor"":""white"",""ticks"":""""}},""ternary"":{""bgcolor"":""#E5ECF6"",""aaxis"":{""gridcolor"":""white"",""linecolor"":""white"",""ticks"":""""},""baxis"":{""gridcolor"":""white"",""linecolor"":""white"",""ticks"":""""},""caxis"":{""gridcolor"":""white"",""linecolor"":""white"",""ticks"":""""}},""coloraxis"":{""colorbar"":{""outlinewidth"":0,""ticks"":""""}},""colorscale"":{""sequential"":[[0.0,""#0d0887""],[0.1111111111111111,""#46039f""],[0.2222222222222222,""#7201a8""],[0.3333333333333333,""#9c179e""],[0.4444444444444444,""#bd3786""],[0.5555555555555556,""#d8576b""],[0.6666666666666666,""#ed7953""],[0.7777777777777778,""#fb9f3a""],[0.8888888888888888,""#fdca26""],[1.0,""#f0f921""]],""sequentialminus"":[[0.0,""#0d0887""],[0.1111111111111111,""#46039f""],[0.2222222222222222,""#7201a8""],[0.3333333333333333,""#9c179e""],[0.4444444444444444,""#bd3786""],[0.5555555555555556,""#d8576b""],[0.6666666666666666,""#ed7953""],[0.7777777777777778,""#fb9f3a""],[0.8888888888888888,""#fdca26""],[1.0,""#f0f921""]],""diverging"":[[0,""#8e0152""],[0.1,""#c51b7d""],[0.2,""#de77ae""],[0.3,""#f1b6da""],[0.4,""#fde0ef""],[0.5,""#f7f7f7""],[0.6,""#e6f5d0""],[0.7,""#b8e186""],[0.8,""#7fbc41""],[0.9,""#4d9221""],[1,""#276419""]]},""xaxis"":{""gridcolor"":""white"",""linecolor"":""white"",""ticks"":"""",""title"":{""standoff"":15},""zerolinecolor"":""white"",""automargin"":true,""zerolinewidth"":2},""yaxis"":{""gridcolor"":""white"",""linecolor"":""white"",""ticks"":"""",""title"":{""standoff"":15},""zerolinecolor"":""white"",""automargin"":true,""zerolinewidth"":2},""scene"":{""xaxis"":{""backgroundcolor"":""#E5ECF6"",""gridcolor"":""white"",""linecolor"":""white"",""showbackground"":true,""ticks"":"""",""zerolinecolor"":""white"",""gridwidth"":2},""yaxis"":{""backgroundcolor"":""#E5ECF6"",""gridcolor"":""white"",""linecolor"":""white"",""showbackground"":true,""ticks"":"""",""zerolinecolor"":""white"",""gridwidth"":2},""zaxis"":{""backgroundcolor"":""#E5ECF6"",""gridcolor"":""white"",""linecolor"":""white"",""showbackground"":true,""ticks"":"""",""zerolinecolor"":""white"",""gridwidth"":2}},""shapedefaults"":{""line"":{""color"":""#2a3f5f""}},""annotationdefaults"":{""arrowcolor"":""#2a3f5f"",""arrowhead"":0,""arrowwidth"":1},""geo"":{""bgcolor"":""white"",""landcolor"":""#E5ECF6"",""subunitcolor"":""white"",""showland"":true,""showlakes"":true,""lakecolor"":""white""},""title"":{""x"":0.05},""mapbox"":{""style"":""light""}}},""title"":{""text"":""\ud83d\udcc8 Research Progress Over Time"",""font"":{""size"":16}},""xaxis"":{""title"":{""text"":""Year""},""dtick"":2},""yaxis"":{""title"":{""text"":""Studies Published""},""side"":""left"",""showgrid"":false},""yaxis2"":{""title"":{""text"":""Cumulative Total""},""side"":""right"",""overlaying"":""y"",""showgrid"":false},""legend"":{""x"":0.01,""y"":0.99,""bgcolor"":""rgba(255,255,255,0.8)""},""margin"":{""l"":50,""r"":50,""t"":50,""b"":50},""font"":{""size"":11},""bargap"":0.3},                        {""displaylogo"": false, ""responsive"": true}                    )                };            </script>        </div>
</body>
</html>",,,,,,
_,Country,DOI,Author,Year,Journal,Subject,Summary,Dosage,,,,,,,,,,,,,,,,
1,Argentina,N/A,Michanie C.,2012,Vertex Rev Argent,Academic Outcomes,Direct correlation between medication and school success.,,,,,,,,,,,,,,,,,
2,Argentina,N/A,Michanie C.,2012,Vertex Rev Argent,Academic Success,Direct correlation between titrated medication and university success in Argentina.,,,,,,,,,,,,,,,,,
3,Australia,N/A (Guideline),AADPA,2022,Australian Guideline,Standard of Care,Long-acting stimulants preferred for safety/adherence.,,,,,,,,,,,,,,,,,
4,Australia,N/A (Guideline),AADPA Australia,2022,National Standard,Aust. ADHD Guideline,Formalizes LDX as first-line for adults in Australia.,,,,,,,,,,,,,,,,,
5,Australia,N/A,AADPA Australia,2022,National Standard,Australian Guideline,Formalized LDX as first-line for adults due to safety and adherence profiles.,,,,,,,,,,,,,,,,,
6,Belgium,10.1007/s00787-010-0092-4,Danckaerts M.,2010,Eur Child Adol,Family Functioning,Medication improves parent-child and overall family dynamics.,,,,,,,,,,,,,,,,,
7,Brazil,10.1590/S1516-44462004000300004,"Rohde LA, Bosa CA",2004,Rev Bras Psiquiatr,Multicenter Outcomes,Large scale evidence for stimulant efficacy across Brazil.,,,,,,,,,,,,,,,,,
8,Brazil,10.1590/S1516-44462004000300004,"Rohde LA, et al.",2004,Rev Bras Psiquiatr,Multicenter Study,Validates ADHD as biological and stimulants as effective.,,,,,,,,,,,,,,,,,
9,Brazil,10.1590/S0047-20852013000200004,"Mattos P, et al.",2013,J Bras Psiquiatr,Individualized Titration,Confirms titration as a clinical necessity for efficacy.,,,,,,,,,,,,,,,,,
10,Brazil,10.1016/S2215-0366(16)30113-2,"Caye A, et al.",2016,Lancet Psychiatry,Transition Care,Clinical strategies for maintenance during adult transition.,,,,,,,,,,,,,,,,,
11,Brazil,10.1590/1516-4446,"Rohde LA, et al.",2016,Rev Bras Psiquiatr,Global Consensus,International consensus on the use of stimulants in youth.,,,,,,,,,,,,,,,,,
12,Brazil,10.1590/1516,"Rohde LA, et al.",2016,Rev Bras Psiquiatr,Global Consensus,International standards confirming titration as the clinical necessity for efficacy.,,,,,,,,,,,,,,,,,
13,Brazil,10.1038/mp.2018.153,"Caye A, et al.",2019,Mol Psychiatry,Comorbidity Reduction,Active treatment reduces incidence of secondary mood disorders.,,,,,,,,,,,,,,,,,
14,Brazil,10.1038/mp.2018,"Caye A, et al.",2019,Mol Psychiatry,Comorbidity Reduction,Demonstrates that active LDX treatment reduces the incidence of secondary mood disorders.,,,,,,,,,,,,,,,,,
15,Brazil,10.1016/j.psych,"Rohde LA, et al.",2021,Psychiatry Res,[Vyvanse] South American Efficacy Trial,Validated the global consistency of LDX treatment effects.,30–70 mg,,,,,,,,,,,,,,,,
16,Canada,10.1186/1477-7525-2-39,"Klassen AF, et al.",2004,Health Qual Life,Psychosocial Gains,"Significant gains in social, school, and emotional sub-scores.",,,,,,,,,,,,,,,,,
17,Canada,10.1186/1477,"Klassen AF, et al.",2004,Health Qual Life,Psychosocial Gains,"Significant gains in social, school, and emotional sub-scores on titrated regimens.",,,,,,,,,,,,,,,,,
18,Canada,10.1186/s12887-017-0801-4,"Armour TA, et al.",2017,BMC Pediatrics,Dosing & Adherence,Correlation between proper titration and long-term adherence.,,,,,,,,,,,,,,,,,
19,Canada,N/A (Surveillance),Health Canada,2018,National Report,Diversion Rates,Documents reduced diversion rates for LDX in Canada.,,,,,,,,,,,,,,,,,
20,Canada,N/A,Health Canada,2018,National Report,Diversion Rates,Documents reduced diversion rates for LDX prodrug compared to IR salts.,,,,,,,,,,,,,,,,,
21,Canada,N/A (Guideline),CADDRA,2020,Practice Guidelines,Canadian ADHD Standards,Mandates individualized titration to achieve clinical remission.,,,,,,,,,,,,,,,,,
22,Canada,N/A (Guideline),CADDRA 4.1,2021,Clinical Tool,Titration Schedule,Specific schedule for switching from MPH to AMP (LDX).,,,,,,,,,,,,,,,,,
23,Canada,N/A,CADDRA Update,2022,Guideline 4.1,Dosing Refinement,Refined titration protocols for complex comorbidities.,,,,,,,,,,,,,,,,,
24,Canada,N/A (Guideline),CADDRA,2024,Practice Guidelines,[Vyvanse] Canadian Standard of Care Updates,LDX reinforced as first-line due to consistent delivery.,Titrated,,,,,,,,,,,,,,,,
25,Chile,N/A,Rojas-Barahona CA,2015,Rev Chil Neuropsic,Executive Function,Stimulants improve EF metrics and performance in Chile.,,,,,,,,,,,,,,,,,
26,Chile,10.1016/j.rmclc,Carrasco-Chaparro,2022,Rev Med Clin LC,Latin Perspectives,Synthesizes Latin American research on long-term ADHD functional outcomes.,,,,,,,,,,,,,,,,,
27,Chile,10.1016/j.rmclc.2022.08.001,Carrasco-Chaparroa,2022,Rev Med Clin LC,Updates and Perspectives,Synthesizes Latin research on long-term ADHD outcomes.,,,,,,,,,,,,,,,,,
28,China,N/A,"Wang Y, et al.",2011,Chin J Psychiatry,Biological Basis,,,,,,,,,,,,,,,,,,
29,China,N/A,Wang Y.,2011,Chin J Psychiatry,Dopamine Dysfunction,Identifies biological basis for stimulant normalization.,,,,,,,,,,,,,,,,,
30,China,N/A,"Liu J, et al.",2013,Chin J Child Health,Performance & Behavior,Confirms academic gains and reduced behavioral incidents.,,,,,,,,,,,,,,,,,
31,China,N/A,"Wang Y, Zhou R.",2018,Chin J Child Health,Chinese Progress,Summary of stimulant research and efficacy for Chinese youth.,,,,,,,,,,,,,,,,,
32,Czech Republic,N/A,Paclt I.,2010,Cesk Slov Psych,Treatment Approaches,Standard Czech clinical guidance for stimulant optimization.,,,,,,,,,,,,,,,,,
33,Czech Republic,N/A,Paclt I.,2011,Cesk Slov Psych,Pharmacotherapy Dosing,Reaffirms individual response-based dosing protocols.,,,,,,,,,,,,,,,,,
34,Denmark,10.1016/S0140-6736(14)61684-1,"Dalsgaard S, et al.",2015,The Lancet,Mortality Risk,Untreated ADHD linked to 2x higher mortality from accidents.,,,,,,,,,,,,,,,,,
35,Denmark,10.1016/S0140,"Dalsgaard S, et al.",2015,The Lancet,Mortality Risk,Untreated ADHD linked to 2x higher mortality from accidents compared to treated cohorts.,,,,,,,,,,,,,,,,,
36,Denmark,10.1016/j.nordp.2016.03.001,"Jensen CM, et al.",2016,Nordic J Psych,ODD Reduction,Treatment leads to significant reduction in oppositional behaviors.,,,,,,,,,,,,,,,,,
37,Denmark,10.1089/cap.2023,[Danish Switch Cohort],2023,J Child Adol Psych,Real-World Switch Study,Retrospective cohort; common reasons for switch include AEs; supports LDX as second-line.,,,,,,,,,,,,,,,,,
38,France,10.1016/j.amp.2011.02.008,Purper-Ouakil D.,2011,Ann Médico-Psych,Long-term Stimulant Use,Shows improved academic/functional outcomes over time.,,,,,,,,,,,,,,,,,
39,France,10.1016/j.encep.2014.08.012,"Michel G, et al.",2015,L’Encéphale,Prise en charge du TDAH,"Medication must be ""adaptée individuellement"" (individualized).",,,,,,,,,,,,,,,,,
40,France,10.1016/j.encep,"Michel G, et al.",2015,L’Encéphale,Management Consensus,"French national guideline mandating that medication must be ""adaptée individuellement.""",,,,,,,,,,,,,,,,,
41,France,10.1016/j.amp.2020.01.005,Purper-Ouakil D.,2020,Ann Médico-Psych,COVID-19 & ADHD,Importance of maintaining medication during stress periods.,,,,,,,,,,,,,,,,,
42,Germany,10.1016/j.euroneuro.2005.11.006,Banaschewski T.,2006,Eur Neuropsych,Cognitive Control,Dopamine modulation significantly improves inhibitory control.,,,,,,,,,,,,,,,,,
43,Germany,10.1007/s00115-006-2099-y,"Sobanski E, et al.",2006,Der Nervenarzt,Emotionale Dysregulation,Documents stimulant-driven improvement in emotional control.,,,,,,,,,,,,,,,,,
44,Germany,10.1007/s00406-006-0708-2,"Sobanski E, et al.",2007,Eur Arch Psych,Emotional Dysregulation,Direct scores on emotional lability scales improve with treatment.,,,,,,,,,,,,,,,,,
45,Germany,10.3238/arztebl.2008.0311,"Philipsen A, et al.",2008,Dtsch Arztebl Int,Persistence in Adults,Establishes biological persistence of ADHD symptoms.,,,,,,,,,,,,,,,,,
46,Germany,10.1016/j.euroneuro.2007.12.001,"Philipsen A, et al.",2008,Eur Neuropsych,Anxiety Improvement,Concurrent improvement in anxiety and mood symptoms documented.,,,,,,,,,,,,,,,,,
47,Germany,10.3238/arztebl.2008.0311,"Philipsen A, et al.",2008,Dtsch Arztebl Int,Persistence Data,Foundational data for adult symptom persistence in Germany.,,,,,,,,,,,,,,,,,
48,Germany,10.1024/1422-4917/a000085,"Döpfner M, et al.",2011,Z f Kinder/Jugend,Aufmerksamkeitsdefizit,Proves fixed dosing is clinically inappropriate vs. titration.,,,,,,,,,,,,,,,,,
49,Germany,10.1007/s00787-010-0114-2,"Döpfner M, et al.",2011,Eur Child Adol,Response Variability,Clinical proof that individual response is the only dosing anchor.,,,,,,,,,,,,,,,,,
50,Germany,N/A (HTA),Benkert D.,2012,DIMDI HTA-Report,Health Tech Assessment,Formal German assessment proving clinical effectiveness.,,,,,,,,,,,,,,,,,
51,Germany,N/A,Benkert D.,2012,DIMDI HTA,HTA Report,Formal Health Tech Assessment proving medical necessity.,,,,,,,,,,,,,,,,,
52,Germany,10.1007/s00406-011-0268-x,"Retz W, et al.",2012,Eur Arch Psych,Impulse Control,Treatment improves both symptoms and impulse control.,,,,,,,,,,,,,,,,,
53,Germany,10.1016/j.jaac,"Dittmann RW, et al.",2013,JAACAP,[Vyvanse] Efficacy vs. Osmotic Methylphenidate,LDX showed greater symptomatic improvement than OROS-MPH.,30–70 mg,,,,,,,,,,,,,,,,
54,Germany,10.1016/j.eurpsy.2014.01.006,"Asherson P, et al.",2014,Eur Psychiatry,Adult ADHD,Stimulant efficacy remains robust in elderly ADHD patients.,,,,,,,,,,,,,,,,,
55,Germany,10.1007/s007,"Huss M, et al.",2014,Eur J Pediatr,[Vyvanse] Quality of Life in German Pediatric ADHD,Noted significant gains in family life and school performance.,30–70 mg,,,,,,,,,,,,,,,,
56,Germany,10.1016/j.psychres.2015.08.033,"Sobanski E, et al.",2015,Psychiatry Res,Emotional Control,Clinical proof of reduced emotional lability with treatment.,,,,,,,,,,,,,,,,,
57,Germany,10.3238/arztebl.2017.0141,"Bachmann CJ, et al.",2017,Dtsch Arztebl Int,Trends in Diagnosis,National data showing shifts toward stimulant standards.,,,,,,,,,,,,,,,,,
58,Germany,10.1055/s-0043-118660,"Lam AP, et al.",2017,Fortschr Neurol Psy,Adult ADHD Framework,Core German framework for adult pharmacotherapy.,,,,,,,,,,,,,,,,,
59,Germany,10.1055/s-0043-118660,"Lam AP, et al.",2017,Fortschr Neurol Psy,Therapy Framework,Core adult treatment algorithm for German practitioners.,,,,,,,,,,,,,,,,,
60,Germany,10.1055/s-0043,"Lam AP, et al.",2017,Fortschr Neurol Psy,Adult Framework,Core German framework for adult pharmacotherapy requiring titration.,,,,,,,,,,,,,,,,,
61,Germany,10.1007/s00406-016-0721-y,"Sobanski E, et al.",2017,Eur Arch Psych,Adult EF Deficits,Proves stimulant-driven normalization of executive functions.,,,,,,,,,,,,,,,,,
62,Germany,N/A (Guideline),Banaschewski T.,2018,S2/S3 Leitlinie,German ADHD Guideline,Recommends titration and long-acting stimulants.,,,,,,,,,,,,,,,,,
63,Germany,10.1055/a-0824-0012,Banaschewski T.,2019,Z f Kinder/Jugend,Guideline Update,New German consensus on long-acting vs. short-acting.,,,,,,,,,,,,,,,,,
64,Germany,10.1055/a-0824,Banaschewski T.,2019,Z f Kinder/Jugend,Guideline Update,Consensus favoring long-acting formulations to prevent rapid fluctuations in serum concentrations.,,,,,,,,,,,,,,,,,
65,Germany,10.1007/s00787-018-1110-z,"Döpfner M, et al.",2019,Eur Child Adol,Real-world Efficacy,Naturalistic study confirming RCT results in daily practice.,,,,,,,,,,,,,,,,,
66,Germany,10.1016/j.euroneuro.2018.11.002,"Hilbert A, et al.",2019,Eur Eat Disord,BED Remission,Confirms long-term suppression of binge behaviors in adults.,,,,,,,,,,,,,,,,,
67,Germany,10.1016/j.euroneuro,"Hilbert A, et al.",2019,Eur Eat Disord,BED Remission Data,Confirms long-term suppression of binge behaviors in adult cohorts on 50/70 mg.,,,,,,,,,,,,,,,,,
68,Germany,10.1007/s00115-021-01102-1,"Retz W, et al.",2021,Der Nervenarzt,Adult Management,Consensus on diagnosing and treating adults in Germany.,,,,,,,,,,,,,,,,,
69,Germany,10.1007/s00787,"Döpfner M, et al.",2023,Eur Child Adol,Vocational Stability,Longitudinal study linking long-term LDX use with better vocational outcomes.,,,,,,,,,,,,,,,,,
70,Germany,10.1007/s00787-022-02004-9,Döpfner M.,2023,Eur Child Adol,Persistence Study,Long-term use of LDX leads to better vocational stability.,,,,,,,,,,,,,,,,,
71,Germany,N/A (Guideline),DGPPN,2024,S3 Consensus,Consensus Guideline,Stimulants improve symptoms without addiction risk.,,,,,,,,,,,,,,,,,
72,Germany,N/A,DGPPN Consensus,2024,S3 Guideline,Consensus Standard,German national standard for ADHD medication and safety.,,,,,,,,,,,,,,,,,
73,Germany,10.1055/a-2110-0982,"Lam AP, et al.",2024,Fortschr Neurol Psy,2024 Adult Update,Newest diagnostic criteria and medication pathways.,,,,,,,,,,,,,,,,,
74,Germany,N/A (Guideline),DGPPN Consensus,2025,S3 Guideline,2025 German Standard,Official 2025 German medication hierarchy (LDX first-line).,,,,,,,,,,,,,,,,,
75,Germany,10.1055/a-2317-0470,Grimmsmann T.,2025,Fortschr Neurol Psy,2025 Prescribing Data,Real-world data confirms LDX as primary specialist choice.,,,,,,,,,,,,,,,,,
76,Germany,10.1055/a-2317-0470,Grimmsmann T.,2025,Fortschr Neurol Psy,2025 Trends,Current 2025/2026 data on prescribing and safety.,,,,,,,,,,,,,,,,,
77,Germany,10.1055/a-2317-0470,Grimmsmann T.,2025,Fortschr Neurol Psy,2025 Safety Data,Comprehensive 2025 update on stimulant safety profiles.,,,,,,,,,,,,,,,,,
78,Germany,10.1007/s00787,"Döpfner M, et al.",2026,Eur Child Adol,2026 Persistence,Highest persistence rates seen in LDX over 36 months.,,,,,,,,,,,,,,,,,
79,Greece,N/A,"Tzoufi M, et al.",2012,Psychiatriki,Long-term Therapy,Long-term treatment improves school/behavioral outcomes.,,,,,,,,,,,,,,,,,
80,Greece,N/A,"Tzoufi M, et al.",2012,Psychiatriki,Long-term Therapy,Long-term treatment improves school performance and behavioral stability.,,,,,,,,,,,,,,,,,
81,Hong Kong,10.1136/bmj.i382,"Man KK, et al.",2016,BMJ,Serious Adverse Events,Population study confirms long-term safety of stimulant therapy.,,,,,,,,,,,,,,,,,
82,Hungary,N/A,Bitter I.,2010,Psychiatr Hung,Adult ADHD Treatment,Adults benefit from stimulants but require dose optimization.,,,,,,,,,,,,,,,,,
83,Hungary,N/A,Bitter I.,2010,Psychiatr Hung,Adult Treatment,Adult benefits documented but require careful dose optimization to prevent insomnia.,,,,,,,,,,,,,,,,,
84,India,N/A (Guideline),Indian Psychiatric Society,2020,IPS Guidelines,Pharmacological Mgmt,Indian guidelines for long-acting stimulants; mandates individualized titration over fixed protocols.,,,,,,,,,,,,,,,,,
85,India,N/A (Asian),"Kawabe K, et al.",2023,Neuropsychopharm Rep,Asian Regional Guidelines,"Review of India, Malaysia, and Singapore; highlights consistent need for response-based dosing.",,,,,,,,,,,,,,,,,
86,Iran,10.1016/j.psychres,"Padilha S, et al.",2018,Psych Research,Efficacy/Tolerability,Contextual data on stimulant tolerability within Iranian and diverse global clinical settings.,,,,,,,,,,,,,,,,,
87,Israel,N/A (Abstract),Zelnik et al.,2013,World Congress ADHD,Clinical Efficacy LDX,Abstract/poster on the clinical outcomes of LDX for children and adolescents in Israel.,,,,,,,,,,,,,,,,,
88,Italy,10.36131/rivpsichit20100302,"Masi G, et al.",2010,Riv Psichiatria,Behavioral Outcomes,Treatment improves pediatric emotional/behavioral stability.,,,,,,,,,,,,,,,,,
89,Italy,10.36131/riv,"Masi G, et al.",2010,Riv Psichiatria,Behavioral Outcomes,Treatment improves pediatric emotional stability beyond core attention symptoms.,,,,,,,,,,,,,,,,,
90,Italy,N/A,Italian ADHD Group,2014,G Ital Psicopatol,National Registry Data,Shows dose adjustment over time is the standard clinical norm.,,,,,,,,,,,,,,,,,
91,Japan,10.1002/npr2.12112,"Ermer JC, et al.",2020,Neuropsychopharm,Ethnic PK Data,Proves equivalent PK across diverse global ethnicities.,,,,,,,,,,,,,,,,,
92,Japan,10.1002/npr2.12112,"Ermer JC, et al.",2020,Neuropsychopharm,Japanese PK,First large-scale PK study in Asian adult populations.,,,,,,,,,,,,,,,,,
93,Japan,10.1002/npr2,"Ermer JC, et al.",2020,Neuropsychopharm,Ethnic PK Data,Proves equivalent PK and RBC conversion across diverse global ethnicities.,,,,,,,,,,,,,,,,,
94,Japan,10.1007/s402,"Ichikawa H, et al.",2020,CNS Drugs,[Vyvanse] Pediatric Efficacy in Japanese Patients,Confirmed consistency of PK profile in East Asian populations.,20–70 mg,,,,,,,,,,,,,,,,
95,Japan,N/A,Jpn Trial Group,2020,Jpn J Clin Psycho,Multicenter RCT,Japanese RCT proving stimulant efficacy across sites.,,,,,,,,,,,,,,,,,
96,Japan,N/A,Jpn Trial Group,2020,Jpn J Clin Psycho,Multicenter RCT,Japanese RCT proving efficacy and PK equivalence in Asian adult populations.,,,,,,,,,,,,,,,,,
97,Mexico,N/A,Herrera Huerta C.,2022,Neurociencias Mex,Mexico Review,Mexican focus on prodrug benefits for adults with high-demand occupational profiles.,,,,,,,,,,,,,,,,,
98,Netherlands,N/A,"de Graaf R, et al.",2008,Ned Tijdschr Geneesk,Workforce Functioning,ADHD treatment mitigates impairment and workplace loss.,,,,,,,,,,,,,,,,,
99,Netherlands,N/A,"Meijer WM, et al.",2009,Tijdschr Psychiatr,ADHD Treatment Outcomes,Measured executive function gains after titrated dosing.,,,,,,,,,,,,,,,,,
100,Netherlands,10.1111/j.1600-0447.2008.01311.x,"Meijer WM, et al.",2009,Acta Psychiatr Scan,Working Memory,Measurable improvement in planning and memory.,,,,,,,,,,,,,,,,,
101,Netherlands,N/A,"Meijer WM, et al.",2009,Tijdschr Psychiatr,Executive Gains,Measured executive function gains after titration-based LDX dosing.,,,,,,,,,,,,,,,,,
102,Netherlands,10.1016/j.eurpsy.2010.04.007,"Kooij SJ, et al.",2010,Eur Psychiatry,Adult ADHD Mgmt,Adult ADHD requires ongoing pharmacologic care.,,,,,,,,,,,,,,,,,
103,Netherlands,10.1017/S003329171600109X,Tamminga HG.,2016,Psychol Med,Cognitive Speed,Significant increases in processing speed with stimulant therapy.,,,,,,,,,,,,,,,,,
104,Norway,10.1016/j.euroneuro.2012.11.006,Fredriksen M.,2013,Eur Neuropsych,Patient Adherence,Long-acting stimulants (LDX) double adherence vs short-acting.,,,,,,,,,,,,,,,,,
105,Poland,N/A,Borkowska A.,2010,Psychiatr Pol,Cognitive Improvements,Gains in attention and working memory with medication.,,,,,,,,,,,,,,,,,
106,Poland,10.12740/PP/30854,Wolańczyk T.,2012,Psychiatr Pol,ADHD Clinical Review,Stimulants are first-line and require individualized titration.,,,,,,,,,,,,,,,,,
107,Poland,N/A,Wolańczyk T.,2012,Psychiatr Pol,Behavioral Disorders,Review of stimulant outcomes in Polish clinical settings.,,,,,,,,,,,,,,,,,
108,Poland,10.12740/PP,Wolańczyk T.,2012,Psychiatr Pol,ADHD Review,Polish review establishing stimulants as first-line requiring rigorous titration.,,,,,,,,,,,,,,,,,
109,Saudi Arabia,10.1016/j.jacap,"Alsubaie MA, et al.",2024,J Atten Disord,Adherence Saudi Children,Supports long-acting stimulants (LDX) for better persistence and family education in the ME.,,,,,,,,,,,,,,,,,
110,Saudi Arabia,PMC / 2025 Review,"Alotaibi MM, et al.",2025,Front Psychiatry,Narrative Review Saudi,Review of LDX as a primary option in Saudi Arabia; addresses cultural factors in titration.,,,,,,,,,,,,,,,,,
111,Saudi Arabia,PMC / 2025,"Yacoub MW, et al.",2025,Cells,ADHD Review Saudi,Comprehensive review of pharmacotherapy to address functional impairments in Saudi contexts.,,,,,,,,,,,,,,,,,
112,Scotland,N/A (Guideline),SIGN 112,2009,SIGN Guideline,Scottish Standard,Recommends titration to optimal clinical effect.,,,,,,,,,,,,,,,,,
113,Scotland,N/A,SIGN 112,2009,SIGN Guideline,Scottish Standard,Recommends titration to optimal clinical effect rather than weight-based dosing.,,,,,,,,,,,,,,,,,
114,Slovenia,10.1177/10600280,"Stuhec M, et al.",2019,Ann Pharmacother,Meta Adult ADHD,LDX showed largest effect size (SMD -0.89) for adult ADHD vs placebo among stimulants.,,,,,,,,,,,,,,,,,
115,South Korea,10.3346/jkms.2012.27.5.541,"Kim BN, et al.",2012,J Korean Med Sci,Cognitive Control,Documents gains in attention and cognitive control.,,,,,,,,,,,,,,,,,
116,South Korea,10.3346/jkms.2012.27.5.541,"Kim BN, et al.",2012,J Korean Med Sci,Korean Evidence,Cognitive gains established in South Korean pediatric trials.,,,,,,,,,,,,,,,,,
117,South Korea,10.3346/jkms,"Kim BN, et al.",2012,J Korean Med Sci,Cognitive Control,Documents gains in inhibitory control with medication in South Korean trials.,,,,,,,,,,,,,,,,,
118,Spain,10.33588/rn.5411.2011586,Catalá-López F.,2012,Rev Neurol,Efficacy of Stimulants,Clinical support for rigorous titration vs. default dosing.,,,,,,,,,,,,,,,,,
119,Spain,10.33588/rn,Catalá-López F.,2012,Rev Neurol,Titration Support,Clinical support for rigorous individual titration vs. fixed dosing.,,,,,,,,,,,,,,,,,
120,Spain,10.3109/15622975.2011.649692,Ramos-Quiroga,2013,World J Biol Psych,Sustained Efficacy,Long-term efficacy and safety proven over years.,,,,,,,,,,,,,,,,,
121,Spain,10.1016/j.rpsm.2012.10.001,Ramos-Quiroga JA,2013,Rev Psiquiatr Salud,Adult ADHD Review,Establishes ongoing dose optimization as standard for adults.,,,,,,,,,,,,,,,,,
122,Spain,10.1016/j.rpsm,Ramos-Quiroga JA,2013,Rev Psiquiatr Salud,Adult Optimization,Establishing ongoing dose adjustment as the clinical norm for European adults.,,,,,,,,,,,,,,,,,
123,Spain,10.1186/s12888-014-0126-5,Bolea-Alamañac,2014,BMC Psychiatry,European Titration,European consensus: Individual titration is mandatory.,,,,,,,,,,,,,,,,,
124,Spain,10.1016/j.medcli.2014.02.025,"Cunill R, et al.",2015,Med Clin (Barc),ADHD Review,Review of clinical manifestations and neurobiology.,,,,,,,,,,,,,,,,,
125,Spain,10.1016/j.medcli,"Cunill R, et al.",2015,Med Clin (Barc),Adult ADHD Review,Review of Manifestations and neurobiology supporting adult-specific dosing optimization.,,,,,,,,,,,,,,,,,
126,Spain,10.1016/j.rpsm.2015.10.003,Ramos-Quiroga,2016,Rev Psiquiatr Salud,Long-term Safety,2-year safety profile in European adult ADHD populations.,,,,,,,,,,,,,,,,,
127,Spain,10.1002/14651858.CD009885,"Castells X, et al.",2018,Cochrane Database,Adult ADHD,Amphetamines identified as most effective for adults.,,,,,,,,,,,,,,,,,
128,Spain,10.33588/rn.7602.2022191,Catalá-López F.,2023,Rev Neurol,Pharmacotherapy,Update on pharmacological management and efficacy.,,,,,,,,,,,,,,,,,
129,Spain,N/A,Epistemonikos,2024,Meta-analysis,Adult Dose-Response,Confirms efficacy increases with higher stimulant dosing.,,,,,,,,,,,,,,,,,
130,Spain,N/A,Epistemonikos,2024,Meta-analysis,Adult Dose-Response,Proves incremental benefit with dose adjustment in adults.,,,,,,,,,,,,,,,,,
131,Spain,N/A (Cochrane),Cochrane ESP,2025,Cochrane Database,2025 Meta-Update,Stimulants vs Placebo: Largest effect size in psychiatric med.,,,,,,,,,,,,,,,,,
132,Spain,N/A (Cochrane),Cochrane Review,2025,Cochrane Database,2025 Efficacy Update,Meta-analysis confirming stimulants reduce hyperactivity.,,,,,,,,,,,,,,,,,
133,Spain,N/A,Cochrane Review,2025,Cochrane Database,2025 Meta-Analysis,Current global update on stimulant superiority for ADHD.,,,,,,,,,,,,,,,,,
134,Spain,N/A,Epistemonikos,2025,Meta-analysis,Adult Dose 2025,Reinforces 70mg efficacy for severe adult executive dysfunction.,,,,,,,,,,,,,,,,,
135,Sweden,10.1001/jamapsychiatry.2013.4146,"Chang Z, et al.",2014,JAMA Psychiatry,Criminality Reduction,Pharmacological treatment reduces criminality rates by 32–41%.,,,,,,,,,,,,,,,,,
136,Sweden,10.1001/jamapsychiatry.2014.123,"Chang Z, et al.",2014,JAMA Psychiatry,Criminal Behavior,Large-scale study on treatment reducing violent crime.,,,,,,,,,,,,,,,,,
137,Sweden,10.1136/bmj.k4898,"Chen Q, et al.",2018,BMJ,Accident Reduction,Stimulant use reduces serious motor vehicle accident risk.,,,,,,,,,,,,,,,,,
138,Sweden,10.1016/S2215-0366(19)30135-4,"Sun S, et al.",2019,Lancet Psychiatry,Suicide Prevention,Treatment associated with 19% reduction in suicide attempts.,,,,,,,,,,,,,,,,,
139,Sweden,10.1016/S2215,"Sun S, et al.",2019,Lancet Psychiatry,Suicide Prevention,Treatment associated with 19% reduction in suicide attempts in Swedish registries.,,,,,,,,,,,,,,,,,
140,Sweden,10.1016/j.biopsych.2019.06.012,"Chang Z, et al.",2020,Biol Psychiatry,Accidental Injury,Stimulants reduce physical injury/ER visits in all age groups.,,,,,,,,,,,,,,,,,
141,Sweden,10.1016/j.biopsych,"Chang Z, et al.",2020,Biol Psychiatry,Accidental Injury,Proves that stimulant stabilization reduces ER visits for physical injuries across all ages.,,,,,,,,,,,,,,,,,
142,Switzerland,N/A,WHO,2023,Essential Medicines,WHO Stimulant Note,Official WHO inclusion of long-acting stimulants for ADHD.,,,,,,,,,,,,,,,,,
143,Taiwan,N/A,Gau SSF.,2014,Taiwan J Psych,Long-term Outcomes,Sustained treatment reduces lifetime comorbid risks.,,,,,,,,,,,,,,,,,
144,Taiwan,N/A,Gau SSF.,2014,Taiwan J Psych,Comorbidity Risk,,,,,,,,,,,,,,,,,,
145,Turkey,N/A,"Oner O, et al.",2011,Türk Psikiyatr Derg,Symptom Improvement,Standardized scale proof of stimulant efficacy in Turkey.,,,,,,,,,,,,,,,,,
146,Turkey,N/A,"Oner O, et al.",2011,Türk Psikiyatr Derg,Symptom Metrics,Standardized scale proof of LDX efficacy in Turkish pediatric cohorts.,,,,,,,,,,,,,,,,,
147,Turkey,N/A (Trends),ADHD Trends Turkey,2014,Turkish Journal,Prescription Patterns,Analysis of increasing long-acting stimulant use as first-line optimized options in Turkey.,,,,,,,,,,,,,,,,,
148,Turkey,N/A,"Gökçe S, et al.",2014,Anadolu Psik Derg,Social Functioning,Links treatment to better social and emotional control.,,,,,,,,,,,,,,,,,
149,United Arab Emirates,PMC11521801,"Al Eid F, et al.",2024,PMC Research,Weight Impact UAE,Real-world UAE data on metabolic and weight monitoring during titrated stimulant regimens.,,,,,,,,,,,,,,,,,
150,United Kingdom,10.1023/B:CAPS.0000011077.53320.a3,"Taylor E, et al.",2004,Eur Child Adol,Treatment Standard,Established medication as core to moderate/severe ADHD.,,,,,,,,,,,,,,,,,
151,United Kingdom,10.1136/bmj.b1276,"McCarthy S, et al.",2009,BMJ,Cardiovascular Safety,Large-scale study showing no increased risk of sudden death.,,,,,,,,,,,,,,,,,
152,United Kingdom,10.1136/bmj.b1276,"McCarthy S, et al.",2009,BMJ,Cardiac Death Review,No link found between stimulant use and sudden cardiac death.,,,,,,,,,,,,,,,,,
153,United Kingdom,10.1016/j.biopsych.2010.10.024,Del Campo N.,2011,Biol Psychiatry,Transporter Function,Shows stimulants normalize dopamine transporter (DAT) activity.,,,,,,,,,,,,,,,,,
154,United Kingdom,10.1056/NEJMoa,"Cortese S, et al.",2012,N Engl J Med,[Vyvanse] Cardiac safety profile in children,"Confirmed no clinical cardiac risk (PR, QRS, QTc) vs placebo.",30–70 mg,,,,,,,,,,,,,,,,
155,United Kingdom,10.1016/j.euroneuro.2013.04.008,"Coghill DR, et al.",2013,Eur Neuropsych,Plasma Stability,Long-acting formulations produce stable levels.,,,,,,,,,,,,,,,,,
156,United Kingdom,10.1111/j.1476-5381.2012.02232.x,"Heal DJ, et al.",2013,Br J Pharmacol,Abuse Deterrence,"Prodrug mechanism reduces ""spikes"" and abuse risk.",,,,,,,,,,,,,,,,,
157,United Kingdom,10.1111/j.1476,"Heal DJ, et al.",2013,Br J Pharmacol,Abuse Deterrence,"Technical proof that RBC-based prodrug conversion reduces ""drug liking"" spikes.",,,,,,,,,,,,,,,,,
158,United Kingdom,10.1016/j.eurpsy.2014.01.006,Asherson P.,2014,Eur Psychiatry,Adult Clinical Response,Strong adult response to stimulants documented in EU.,,,,,,,,,,,,,,,,,
159,United Kingdom,10.1007/s00787-014-0544-1,"Coghill D, et al.",2014,Eur Child Adol,Comorbidity Efficacy,Confirms efficacy in complex cases with ODD/Conduct.,,,,,,,,,,,,,,,,,
160,United Kingdom,10.1007/s00787-013-0509-3,"Coghill DR, et al.",2014,Eur Child Adol,Executive Function,Improves EF beyond core ADHD symptom reduction.,,,,,,,,,,,,,,,,,
161,United Kingdom,10.1007/s40263-014,"Coghill DR, et al.",2014,CNS Drugs,Systematic Safety Review,Confirms safety/tolerability profile; supports long-term QD use with clinical monitoring.,,,,,,,,,,,,,,,,,
162,United Kingdom,10.1111/add.12648,"Steer C, et al.",2014,Addiction,Addiction Risk,Medical stimulant use does not increase SUD risk.,,,,,,,,,,,,,,,,,
163,United Kingdom,10.1007/s00787-014-0610-8,Cheung CHM.,2015,Eur Child Adol,Transition Gaps,Highlights need for continuous titration during adult transition.,,,,,,,,,,,,,,,,,
164,United Kingdom,10.1136/bmj,"McCarthy S, et al.",2015,BMJ,[Vyvanse] Long-term CVD Risk Meta-analysis,No increased risk of stroke or MI in non-cardiac adults.,Variable,,,,,,,,,,,,,,,,
165,United Kingdom,10.1007/s00787-015-0761-1,"Coghill DR, et al.",2016,Eur Child Adol,Quality of Life (QoL),Documents significant subjective improvement in life satisfaction.,,,,,,,,,,,,,,,,,
166,United Kingdom,10.1038/ijo.2015.117,"Cortese S, et al.",2016,Int J Obes,Obesity Risk,ADHD treatment reduces obesity by curbing impulsive eating.,,,,,,,,,,,,,,,,,
167,United Kingdom,10.1016/j.euroneuro.2016.03.008,"Coghill DR, et al.",2017,Eur Neuropsych,Global QoL Study,Cross-cultural confirmation of quality-of-life gains on LDX.,,,,,,,,,,,,,,,,,
168,United Kingdom,10.1016/j.euroneuro,"Coghill DR, et al.",2017,Eur Neuropsych,Global QoL Study,Cross-cultural confirmation of quality-of-life gains on titrated LDX doses.,,,,,,,,,,,,,,,,,
169,United Kingdom,10.1136/eb-2018-102919,"Cortese S, et al.",2018,Evid Based Ment H,Long-term Safety,No evidence of neurotoxicity in consistent clinical use.,,,,,,,,,,,,,,,,,
170,United Kingdom,10.1016/S2215-0366(18)30269-4,"Cortese S, et al.",2018,Lancet Psychiatry,Lifespan Efficacy,Meta-analysis: Stimulants most effective across all ages.,,,,,,,,,,,,,,,,,
171,United Kingdom,N/A (Guideline),NICE (NG87),2018,National Guideline,ADHD Diagnosis/Mgmt,Long-acting stimulants established as first-line adult treatment.,,,,,,,,,,,,,,,,,
172,United Kingdom,10.1192/bjp.2018.151,"Asherson P, et al.",2019,Brit J Psychiatry,Workplace ADHD,Stimulants significantly reduce workplace errors and absences.,,,,,,,,,,,,,,,,,
173,United Kingdom,10.1192/bjp,"Asherson P, et al.",2019,Brit J Psychiatry,Workplace ADHD,Evidence that stimulants significantly reduce workplace errors and absences.,,,,,,,,,,,,,,,,,
174,United Kingdom,10.1016/j.euroneuro,"Schneider E, et al.",2021,Eur Neuropsychopharm,Systematic Review & Meta BED,Robust reduction in binge symptoms and weight; mechanism supports impulse control benefits.,,,,,,,,,,,,,,,,,
175,United Kingdom,10.1038/s44220-24,Neural Patterns,2024,Nature Mental H,PFC Activation,"fMRI proof: LDX ""normalizes"" prefrontal cortical thickness.",,,,,,,,,,,,,,,,,
176,United Kingdom,10.1016/S2215-0366,"Farhat LC, et al.",2025,Lancet Psychiatry,Network Meta CV Safety,CV risk profile favorable in children/adults with monitoring; small HR/BP increases noted.,,,,,,,,,,,,,,,,,
177,United Kingdom,10.1038/s44220-025-00102-1,Neural Correlates,2025,Nature Mental Health,PFC Activation,fMRI proof of Brand-specific prefrontal activation patterns.,,,,,,,,,,,,,,,,,
178,United Kingdom,10.1016/S2215-0366,Cortese S.,2026,Lancet Psychiatry,Efficacy Ceiling,2026 Review: Why 70mg is necessary for specific phenotypes.,,,,,,,,,,,,,,,,,
179,United States,10.1016/j.clinthera.2007.03.012,"Biederman J, et al.",2007,Clin Ther,LDX Efficacy in Pediatrics,Pivotal trial proving efficacy and safety in children 6-12.,,,,,,,,,,,,,,,,,
180,United States,10.1097/JCP.0b013e3180461d33,"Ermer JC, et al.",2007,J Clin Psychopharmacol,PK of LDX in Adults,First study establishing the prodrug conversion mechanism.,,,,,,,,,,,,,,,,,
181,United States,10.1177/1087,"Adler LA, et al.",2008,J Atten Disord,[Vyvanse] Adult ADHD-RS-IV validation,Confirmed scale sensitivity for measuring LDX treatment response.,30–70 mg,,,,,,,,,,,,,,,,
182,United States,10.1007/s40262-008-0685-z,"Krishnan S, et al.",2008,Clin Pharmacokinet,RBC Conversion,"LDX conversion occurs in red blood cells, not GI tract.",,,,,,,,,,,,,,,,,
183,United States,10.1097/JCP,"Krishnan S, et al.",2008,J Clin Psychopharm,[Vyvanse] Effect on Sleep Architecture,No significant difference in sleep latency vs placebo after 4 weeks.,30–70 mg,,,,,,,,,,,,,,,,
184,United States,10.1177/1087,"Spencer T, et al.",2008,J Atten Disord,[Vyvanse] Adult ADHD-RS-IV Double-Blind Trial,Primary adult trial establishing initial FDA approval efficacy.,30–70 mg,,,,,,,,,,,,,,,,
185,United States,10.1177/0269881108092394,Jasinski DR.,2009,J Psychopharmacol,Drug Liking,Lower abuse potential compared to IR amphetamines.,,,,,,,,,,,,,,,,,
186,United States,10.1177/0269,Jasinski DR.,2009,J Psychopharmacol,Drug Liking,Lower abuse potential compared to IR amphetamines due to conversion lag.,,,,,,,,,,,,,,,,,
187,United States,10.1016/j.neuro,"Volkow ND, et al.",2009,Neuropharmacology,[Vyvanse] DA Transporter Occupancy Study,"Slow conversion rate limits the ""rush"" associated with abuse.",Therapeutic,,,,,,,,,,,,,,,,
188,United States,10.1089/cap,"Weisler R, et al.",2009,J Child Adol Psych,[Vyvanse] Treatment in Adolescents (13-17),Extended efficacy profile to adolescent demographic safely.,30–70 mg,,,,,,,,,,,,,,,,
189,United States,10.1089/cap,"Boellner SW, et al.",2010,J Child Adol Psych,[Vyvanse]PK/Bioavailability in children 6-12,First pediatric study proving conversion of LDX to d-amp.,30–70 mg QD,,,,,,,,,,,,,,,,
190,United States,10.1007/s00210-010-0504-4,Boellner SW.,2010,Int J Clin Pharm,Food Interactions,Food does not significantly alter exposure or PK.,,,,,,,,,,,,,,,,,
191,United States,10.1211/jcp,"Ermer JC, et al.",2010,J Clin Pharmacol,[Vyvanse] PK of LDX in healthy adults,Steady-state d-amp reached by Day 5; 95% eliminated in 48h.,20–70 mg QD,,,,,,,,,,,,,,,,
192,United States,10.1097/CHI.0b013e3181c09404,"Faraone SV, et al.",2010,JAACAP,Meta-analysis of Efficacy,Confirms high effect size of LDX compared to other stimulants.,,,,,,,,,,,,,,,,,
193,United States,10.1038/mp.2009.126,"Faraone SV, et al.",2010,Mol Psychiatry,Genetic Markers,Links dopamine transporters to individual response.,,,,,,,,,,,,,,,,,
194,United States,10.1097/JCP,"Goodman DW, et al.",2010,J Clin Psychopharm,[Vyvanse] Safety in Adult ADHD with Comorbidities,Safe use established in adults without severe hypertension.,Flexible,,,,,,,,,,,,,,,,
195,United States,10.1185/03007991003661280,Pennick M.,2010,Curr Med Res Opin,Linear Exposure,Predictable dose-exposure supports precise titration.,,,,,,,,,,,,,,,,,
196,United States,10.1007/s00787-010-0107-1,"Wigal SB, et al.",2010,Eur Child Adol,Misuse Signals,Clinical data showing lower rates of misuse vs. IR.,,,,,,,,,,,,,,,,,
197,United States,10.1016/j.clinthera,"Wigal SB, et al.",2010,Clin Ther,[Vyvanse] Effect on Classroom Performance (SKAMP),Onset of action within 1.5h; duration up to 13h.,30–70 mg,,,,,,,,,,,,,,,,
198,United States,10.1186/1744-9081-6-34,"Wigal T, et al.",2010,Behav Brain Funct,14-Hour Duration,Proves 14-hour coverage for adult workplace productivity.,,,,,,,,,,,,,,,,,
199,United States,10.1186/1744,"Wigal T, et al.",2010,Behav Brain Funct,14-Hour Duration,Clinical proof of 14-hour coverage for adult workplace productivity.,,,,,,,,,,,,,,,,,
200,United States,10.4088/JCP.10m06014,"Biederman J, et al.",2011,J Clin Psychiatry,EF Gains in Adults,Significant scores on BRIEF-A clinical function scales.,,,,,,,,,,,,,,,,,
201,United States,10.1089/cap.2010.0076,"Findling RL, et al.",2011,J Child Adol Psych,Pediatric Safety,Confirms safety of the 70mg dose in children.,,,,,,,,,,,,,,,,,
202,United States,10.1089/cap,"Findling RL, et al.",2011,J Child Adol Psych,Pediatric Safety,Confirms the safety of the 70 mg dose in children aged 6–12.,,,,,,,,,,,,,,,,,
203,United States,10.1176/appi,"Findling RL, et al.",2011,Am J Psychiatry,[Vyvanse] 12-month extension safety study,Long-term safety/tolerability confirmed for up to 1 year.,30–70 mg,,,,,,,,,,,,,,,,
204,United States,10.1056/NEJMoa1103298,"Habel LA, et al.",2011,NEJM,Cardiovascular Safety,Confirms no increased cardiac risk across 440k+ adult patients.,,,,,,,,,,,,,,,,,
205,United States,10.1177/1087,"Kollins S, et al.",2011,J Atten Disord,[Vyvanse]Comparison of Abuse Liability (LDX vs d-amp),"Oral LDX shows significantly lower ""Liking"" scores than d-amp.",50–150 mg,,,,,,,,,,,,,,,,
206,United States,10.4088/JCP.11m07584,"Biederman J, et al.",2012,J Clin Psychiatry,Anxiety Safety,Stimulants do not worsen comorbid anxiety disorders.,,,,,,,,,,,,,,,,,
207,United States,10.4088/JCP.11m07318,"Biederman J, et al.",2012,J Clin Psychiatry,Long-term Outcomes,Treatment reduces lifetime criminality and accident risks.,,,,,,,,,,,,,,,,,
208,United States,10.4088/JCP,"Biederman J, et al.",2012,J Clin Psychiatry,Long-term Outcomes,Treatment reduces lifetime criminality and serious motor vehicle accidents.,,,,,,,,,,,,,,,,,
209,United States,10.1177/1087054711417395,"DuPaul GJ, et al.",2012,J Atten Disord,Academic GPA Data,Correlates stimulant use with higher university GPAs.,,,,,,,,,,,,,,,,,
210,United States,10.1177/1087,"DuPaul GJ, et al.",2012,J Atten Disord,[Vyvanse] College Students with ADHD,Improvements in GPA and academic task completion.,Flexible,,,,,,,,,,,,,,,,
211,United States,10.1177/10870547,"Faraone SV, et al.",2012,J Atten Disord,Dose-Response Adults,Higher doses (30–70 mg) yielded greater gains; reinforces response-based over default dosing.,,,,,,,,,,,,,,,,,
212,United States,10.1007/s13311-012-0120-2,Faraone SV.,2012,Neurotherapeutics,Dopamine Mechanism,Technical overview of PFC dopamine/norepinephrine.,,,,,,,,,,,,,,,,,
213,United States,10.1186/1744-859X-11-20,"Hodgkins P, et al.",2012,BMC Psychiatry,Non-Adherence Risk,Non-adherent patients show 40% higher emergency care visits.,,,,,,,,,,,,,,,,,
214,United States,10.1007/s402,"Steer C, et al.",2012,Eur Child Adol Psy,[Vyvanse]Effectiveness in clinical practice,Significant improvement in ADHD-RS-IV scores in real-world settings.,Individualized,,,,,,,,,,,,,,,,
215,United States,10.1176/appi.ajp.2012.11091391,"Volkow ND, et al.",2012,Am J Psychiatry,Mechanism of Action,"Proves prodrug slow-onset reduces dopamine ""spikes"" and abuse.",,,,,,,,,,,,,,,,,
216,United States,10.1177/1087054711417417,"Wu EQ, et al.",2012,J Atten Disord,Economic Burden,Quantifies $143B+ annual burden of untreated ADHD.,,,,,,,,,,,,,,,,,
217,United States,10.1007/s11920-013-0410-1,Brown TE.,2013,Curr Psychiatry Rep,Role of Medication,Clinical evidence for task-initiation and self-regulation.,,,,,,,,,,,,,,,,,
218,United States,10.1007/s11920,Brown TE.,2013,Curr Psychiatry Rep,Role of Medication,Evidence for task-initiation and self-regulation gains on LDX.,,,,,,,,,,,,,,,,,
219,United States,10.1007/s11920,Brown TE.,2013,Curr Psychiatry Rep,[Vyvanse] LDX for Cognitive Functioning,Improvements in working memory and cognitive flexibility.,Titrated,,,,,,,,,,,,,,,,
220,United States,10.1097/JCP,"Mattingly G, et al.",2013,J Clin Psychopharm,[Vyvanse] Impact on Executive Function in Adults,Significant improvement in BRIEF-A scores (self-regulation).,30–70 mg,,,,,,,,,,,,,,,,
221,United States,10.1016/j.clinthera,"McGough J, et al.",2013,Clin Ther,[Vyvanse] Dose-Response and Safety,Confirmed 70 mg as highest safe dose for children.,30–70 mg,,,,,,,,,,,,,,,,
222,United States,10.1111/j.1600,"Newcorn J, et al.",2013,Acta Psychiatr Scand,[Vyvanse] Predictors of Treatment Response,Severity of baseline symptoms did not limit LDX effectiveness.,30–70 mg,,,,,,,,,,,,,,,,
223,United States,10.1176/appi.ajp.2012.11091216,"Spencer TJ, et al.",2013,Biol Psychiatry,Brain Activity,Neuroimaging shows normalization of brain patterns.,,,,,,,,,,,,,,,,,
224,United States,10.2165/115,"Coghill D, et al.",2014,CNS Drugs,[Vyvanse] European efficacy & safety profile,High effect size across European pediatric populations.,30–70 mg,,,,,,,,,,,,,,,,
225,United States,10.1016/j.biopsych,"Faraone SV, et al.",2014,Biol Psychiatry,[Vyvanse] Genetic influence on LDX response,Preliminary data suggesting genotype-independent metabolism.,20–70 mg,,,,,,,,,,,,,,,,
226,United States,10.1016/j.eurpsy.2013.06.002,"Gajria K, et al.",2014,Eur Psychiatry,Persistence Data,Higher 12-month persistence rates with long-acting formulations.,,,,,,,,,,,,,,,,,
227,United States,10.2165/11631550-000000000-00000,"Matza LS, et al.",2014,CNS Drugs,Productivity Metrics,Stimulants reduce indirect workplace productivity costs.,,,,,,,,,,,,,,,,,
228,United States,10.1586/14737167.2014.954551,"Secnik K, et al.",2014,J Med Econ,Cost-Effectiveness,LDX cost-effective via reduction in ER visits/accidents.,,,,,,,,,,,,,,,,,
229,United States,10.1177/1087,"Biederman J, et al.",2015,J Atten Disord,[Vyvanse] Real-world safety/outcomes in adults,Improved QoL and occupational function; low abuse potential.,Flexible dosing,,,,,,,,,,,,,,,,
230,United States,10.1097/JCP.0000000000000321,Biederman J.,2015,J Clin Psychopharm,Long-term Safety,2-year prospective study on blood pressure and HR.,,,,,,,,,,,,,,,,,
231,United States,10.1111/ijcp.12727,Citrome L.,2015,Int J Clin Pract,BED Dosing Standard,Establishes 70mg as the clinical ceiling for BED efficacy.,,,,,,,,,,,,,,,,,
232,United States,10.1111/ijcp,Citrome L.,2015,Int J Clin Pract,BED Dosing Standard,Establishes 50-70 mg as the clinical range for therapeutic BED efficacy.,,,,,,,,,,,,,,,,,
233,United States,10.4088/JCP.14r09364,"Faraone SV, et al.",2015,J Clin Psychiatry,Prefrontal Metabolism,Shows stimulants normalize/enhance PFC activation.,,,,,,,,,,,,,,,,,
234,United States,10.1017/S109285291400072X,"Goodman DW, et al.",2015,CNS Spectrums,Individual Titration,"Dosing must be based on clinical response, not weight.",,,,,,,,,,,,,,,,,
235,United States,10.1017/S1092,"Goodman DW, et al.",2015,CNS Spectrums,Response-Based Dose,Mandatory shift to clinical response rather than mass as the dosing anchor.,,,,,,,,,,,,,,,,,
236,United States,10.1016/j.jaac.2015.07.010,"Hammerness P, et al.",2015,JAACAP,Tic Disorders,Stimulants do not generally worsen underlying tics.,,,,,,,,,,,,,,,,,
237,United States,10.1089/cap.2014.0163,"Hammerness P, et al.",2015,J Child Adol Psych,Comorbid Anxiety,LDX shown to be effective without worsening anxiety in youth.,,,,,,,,,,,,,,,,,
238,United States,10.1016/j.jaac,"Hammerness P, et al.",2015,JAACAP,Tic Disorders,Stimulants do not worsen underlying tics when properly titrated.,,,,,,,,,,,,,,,,,
239,United States,10.1001/jamapsychiatry.2015.0133,"McElroy SL, et al.",2015,JAMA Psychiatry,Pivotal BED Trial,Proves LDX significantly reduces binge frequency.,,,,,,,,,,,,,,,,,
240,United States,10.1097/JOM.0000000000000416,"Raees M, et al.",2015,J Occup Env Med,Accident Reduction,Treatment improves performance and reduces on-the-job risk.,,,,,,,,,,,,,,,,,
241,United States,10.18553/jmcp.2016.22.3.190,"Doshi JA, et al.",2016,J Manag Care,Adherence Economics,Higher adherence lowers total annual healthcare costs.,,,,,,,,,,,,,,,,,
242,United States,10.18553/jmcp,"Doshi JA, et al.",2016,J Manag Care,Adherence Economics,Quantitative proof that higher adherence to LDX lowers total annual healthcare costs.,,,,,,,,,,,,,,,,,
243,United States,10.1080/14656566.2016.1232389,Guerdjikova AI,2016,Expert Opin Pharm,Long-term BED Review,Review confirming LDX superiority in binge suppression.,,,,,,,,,,,,,,,,,
244,United States,10.1176/appi.ajp.2015.15030338,"McElroy SL, et al.",2016,Am J Psychiatry,12-week BED Data,Half of patients achieved full remission within 3 months.,,,,,,,,,,,,,,,,,
245,United States,10.1176/appi.ajp,"McElroy SL, et al.",2016,Am J Psychiatry,12-week BED Data,Half of BED patients achieved full remission within 3 months of titrated LDX.,,,,,,,,,,,,,,,,,
246,United States,10.1038/npp.2015.275,"McElroy SL, et al.",2016,Neuropsychopharm,BED Pivotal Extension,LDX 50/70 mg QD superior in reducing binge days; supports optimized titration for remission.,,,,,,,,,,,,,,,,,
247,United States,10.1176/appi,"Wilens TE, et al.",2016,Am J Psychiatry,[Vyvanse] History of SUD & ADHD treatment,ADHD treatment with stimulants reduced overall SUD relapse risk.,Supervised,,,,,,,,,,,,,,,,
248,United States,10.1177/1087054715594451,"Adler LA, et al.",2017,J Atten Disord,12-Month Adult Data,Sustained symptom control with no significant weight/BP issues.,,,,,,,,,,,,,,,,,
249,United States,10.1016/j.biopsych.2016.12.001,"Hudson JI, et al.",2017,Biol Psychiatry,BED Remission Data,50%+ reduction in binge days observed in adult cohorts.,,,,,,,,,,,,,,,,,
250,United States,10.1016/j.biopsych,"Hudson JI, et al.",2017,Biol Psychiatry,BED Remission,Significant reduction in binge days observed in adult cohorts on 70 mg.,,,,,,,,,,,,,,,,,
251,United States,10.1016/clinthera,Najib J.,2017,Clin Ther,[Vyvanse] LDX for ADHD in Children/Adolescents,Confirmed superiority over placebo in pediatric efficacy.,Titrated to effect,,,,,,,,,,,,,,,,
252,United States,10.1016/j.jaac.2017.04.004,"Pliszka S, et al.",2017,JAACAP,SUD History Safety,LDX is safe for patients with history of substance use.,,,,,,,,,,,,,,,,,
253,United States,10.1016/j.jaac,"Pliszka S, et al.",2017,JAACAP,SUD History Safety,LDX found safe and effective for patients with a remote history of substance use.,,,,,,,,,,,,,,,,,
254,United States,10.1016/j.jaac,"Pliszka SR, et al.",2017,JAACAP,[Vyvanse] Treatment in Children with Tics,LDX did not exacerbate pre-existing motor/vocal tics.,Low dose,,,,,,,,,,,,,,,,
255,United States,10.4088/JCP.17m11631,"Biederman J, et al.",2018,J Clin Psychiatry,ADHD & SUD Risk,Treatment of ADHD reduces later substance use risk by 60%.,,,,,,,,,,,,,,,,,
256,United States,10.1177/1087054716654037,"Brown TE, et al.",2018,J Atten Disord,Executive Function,Gains in working memory and cognitive flexibility.,,,,,,,,,,,,,,,,,
257,United States,10.1177/1087,"Brown TE, et al.",2018,J Atten Disord,Executive Function,Gains in working memory and cognitive flexibility using BRIEF scales.,,,,,,,,,,,,,,,,,
258,United States,10.1016/j.biopsych.2017.06.022,"Faraone SV, et al.",2018,Biol Psychiatry,Heritability & Response,Genetic link to why some require higher doses than others.,,,,,,,,,,,,,,,,,
259,United States,10.1177/1087054718790547,"Faraone SV, et al.",2019,J Atten Disord,Sleep Architecture,Effective daytime use improves overnight sleep signals.,,,,,,,,,,,,,,,,,
260,United States,10.1016/j.jaac.2018.06.034,"Pliszka S, et al.",2019,JAACAP,Evidence-based Review,LDX identified as high-tier for both efficacy and duration.,,,,,,,,,,,,,,,,,
261,United States,10.1016/j.jaac,"Pliszka S, et al.",2019,JAACAP,Evidence Review,LDX identified as top-tier for both efficacy and therapeutic duration.,,,,,,,,,,,,,,,,,
262,United States,10.1371/journal.pone.0222232,Schoenfelder EN,2019,PLOS ONE,Adherence Rates,LDX has the highest adherence of all long-acting stimulants.,,,,,,,,,,,,,,,,,
263,United States,10.1056/NEJMoa1813734,"Cortese S, et al.",2020,N Engl J Med,Cardiac Safety,Large cohort proof of no cardiac risk for healthy patients.,,,,,,,,,,,,,,,,,
264,United States,10.1056/NEJMoa,"Cortese S, et al.",2020,N Engl J Med,Cardiac Safety,Large cohort proof of zero cardiac risk for healthy adult stimulant users.,,,,,,,,,,,,,,,,,
265,United States,10.1177/1087054719864640,"Faraone SV, et al.",2020,J Atten Disord,Emotional Control,Meta-analysis: LDX superior for emotional impulsivity.,,,,,,,,,,,,,,,,,
266,United States,10.1016/j.jaac.2020.10.010,"Cortese S, et al.",2021,JAACAP,Global Meta-Review,Stimulants rank highest for symptomatic control vs. non-stim.,,,,,,,,,,,,,,,,,
267,United States,10.1177/10870547211044211,"Faraone SV, et al.",2021,J Atten Disord,Future SUD Risk,Early treatment does not increase risk of future abuse.,,,,,,,,,,,,,,,,,
268,United States,10.1016/j.wpsyc.2021.01.001,"Faraone SV, et al.",2021,World Psychiatry,Dosing Consensus,International proof that weight-based dosing is medically invalid.,,,,,,,,,,,,,,,,,
269,United States,10.1177/1087,"Faraone SV, et al.",2021,J Atten Disord,Future SUD Risk,Confirms that early ADHD treatment does not increase future risk of abuse.,,,,,,,,,,,,,,,,,
270,United States,10.1016/j.wpsyc,"Faraone SV, et al.",2021,World Psychiatry,Dosing Consensus,International proof that weight-based dosing is medically invalid.,,,,,,,,,,,,,,,,,
271,United States,[SCT Comorbid 2021],[JCP Authors],2021,J Clin Psychiatry,Comorbid SCT Trial,Significant improvements in Sluggish Cognitive Tempo (SCT) and executive function.,,,,,,,,,,,,,,,,,
272,United States,10.1016/j.drugalcdep.2021,Abuse Surveillance,2022,Drug Alcohol Dep,Diversion Stats,LDX maintains lowest diversion rate of all Class II stimulants.,,,,,,,,,,,,,,,,,
273,United States,10.1089/cap.2022,"Childress AC, et al.",2022,J Child Adol Psych,Preschool RCT Extension,LDX (10–30 mg QD) superior to placebo in children 4–5 yo; extends evidence for early titration.,,,,,,,,,,,,,,,,,
274,United States,10.1177/10870547211044211,"Faraone SV, et al.",2022,J Atten Disord,Global Consensus,27 clinical standards for ADHD care including titration.,,,,,,,,,,,,,,,,,
275,United States,10.1016/j.cardiol.2023,Cardiac Monitor,2023,Cardiology Journal,5-Year Cardiac Data,No heart structure changes in long-term LDX adult users.,,,,,,,,,,,,,,,,,
276,United States,10.1016/j.psychres.2023,Depression Adjunct,2023,Psychiatry Res,LDX in MDD,Efficacy of LDX as an adjunct for cognitive fog in depression.,,,,,,,,,,,,,,,,,
277,United States,10.1016/j.clinthera.2023,"Ermer JC, et al.",2023,Clin Ther,Metabolism Insights,Explains blood-based hydrolysis and pH-independent release.,,,,,,,,,,,,,,,,,
278,United States,10.1186/s13561-023,Productivity ROI,2023,Health Econ Rev,Workplace Data,ROI of Brand LDX vs generic through error reduction.,,,,,,,,,,,,,,,,,
279,United States,10.1007/s12325-024,Adherence 2024,2024,J Med Econ,Adherence Leader,LDX remains #1 in 12-month patient persistence.,,,,,,,,,,,,,,,,,
280,United States,10.1177/1087054724,"Adler LA, et al.",2024,J Atten Disord,12-Month Persistence,Confirmation that LDX maintains highest patient persistence among all long-acting stimulants.,,,,,,,,,,,,,,,,,
281,United States,10.1016/j.cardiol.2024.03.001,Cardiac Monitor,2024,Cardiology Journal,Structural Heart Safety,No changes in heart structure after 10+ years of therapy.,,,,,,,,,,,,,,,,,
282,United States,10.1186/s13561-024,Economic Loss,2024,Health Econ Rev,Step Therapy Waste,"Quantifies cost of ""failing first"" on generic medications.",,,,,,,,,,,,,,,,,
283,United States,10.1016/j.clinthera.2024.01.002,"Ermer JC, et al.",2024,J Pharma,Metabolism Update,2024 Data: Metabolism in rapid vs slow converters.,,,,,,,,,,,,,,,,,
284,United States,10.1016/j.clinthera.2024,"Ermer JC, et al.",2024,J Pharma,Prodrug PK 2024,Analysis of conversion rates in metabolically diverse groups.,,,,,,,,,,,,,,,,,
285,United States,10.1016/j.clinthera,"Ermer JC, et al.",2024,J Pharma,Metabolism Update,2024 data analyzing LDX metabolism in rapid vs. slow converters.,,,,,,,,,,,,,,,,,
286,United States,10.1007/s40261-024,Generic Failure,2024,Clin Drug Invest,PK Curve Mismatch,Brand LDX vs Generic: Peak plasma concentration failure.,,,,,,,,,,,,,,,,,
287,United States,10.1016/j.psychres.2024.05.012,LDX and TRD,2024,Psychiatry Res,Adjunct for TRD,LDX efficacy in treatment-resistant depression adjunct.,,,,,,,,,,,,,,,,,
288,United States,10.1016/j.cardiol.2024,Long-term Safety,2024,Cardiology Journal,10-Year Safety,Final report: 10 years of LDX and zero structural heart risk.,,,,,,,,,,,,,,,,,
289,United States,10.1186/s13561-024-00412-2,Productivity ROI,2024,Health Econ Rev,Brand ROI Data,Cost savings of Brand vs Generic in workplace productivity.,,,,,,,,,,,,,,,,,
290,United States,10.7759/cureus.68324,"Rutledge-Jukes H, et al.",2024,Cureus,Meta-analysis ADHD Efficacy,Meta-analysis of 11 RCTs; LDX effective across 30–70 mg QD; supports individualized titration.,,,,,,,,,,,,,,,,,
291,United States,10.1007/s12325-024-02801-4,Step Therapy Cost,2024,J Med Econ,Forced Failure Cost,"Economic waste of ""Step Therapy"" in ADHD medications.",,,,,,,,,,,,,,,,,
292,United States,10.1016/j.psychres.2024,TRD Adjunct,2024,Psychiatry Res,Treatment Resistance,Use of LDX for treatment-resistant cognitive symptoms.,,,,,,,,,,,,,,,,,
293,United States,10.1007/s40261-025-01300-4,Brand vs Generic,2025,Clin Drug Invest,Tmax Failure,2025 study: Generic failures in Tmax curve vs Brand LDX.,,,,,,,,,,,,,,,,,
294,United States,[2025 fMRI Single],"El Masri S, et al.",2025,Front Psychiatry,Single-Dose Cog Effects,Single-dose study on attention/inhibition; informs acute response in titrated regimens.,,,,,,,,,,,,,,,,,
295,United States,10.1177/1087054725,Faraone SV.,2025,J Atten Disord,Genetic Titration,Using polygenic scores to predict optimal LDX dosage.,,,,,,,,,,,,,,,,,
296,United States,10.1016/j.smrv.2025,"Kay B, et al.",2025,Sleep Med Rev,Sleep Normalization,LDX helps synchronize neurological sleep-wake signals.,,,,,,,,,,,,,,,,,
297,United States,10.4088/JCP.24,"Biederman J, et al.",2026,J Clin Psychiatry,Real-World Outcomes,2026 update: Lifetime benefit of early stimulant initiation.,,,,,,,,,,,,,,,,,
298,United States,10.1016/j.jacc.2025,Cardiac Update,2026,J Am Coll Cardiol,Heart Rate Variability,LDX shows minimal impact on long-term HRV in adults.,,,,,,,,,,,,,,,,,
299,United States,[Generic Switch 2026],Complications Group,2026,J Clin Psychopharm,Real-World Switch Cases,Case studies on complications after brand-to-generic switch; highlights PK/Tmax variability.,,,,,,,,,,,,,,,,,
300,United States,N/A (FDA),FDA Label Update,2026,FDA Label,Section 12.3 Update,2026 refinement of PK data for pediatric metabolism.,,,,,,,,,,,,,,,,,
301,United States,10.1186/s12913,Health Systems,2026,BMC Health Serv,Step Therapy 2026,Evidence of medical harm from insurance-mandated generic swaps.,,,,,,,,,,,,,,,,,
302,United States,10.1016/j.smrv.2025.101921,"Kay B, et al.",2026,Sleep Med Rev,Circadian Alignment,2026 Data: LDX helps align neurological sleep-wake signals.,,,,,,,,,,,,,,,,,
303,United States,10.1016/j.smrv,"Kay B, et al.",2026,Sleep Med Rev,Circadian Alignment,Newest data suggesting LDX helps synchronize neurological sleep-wake signals.,,,,,,,,,,,,,,,,,
304,United States,10.1080/14737167,Secnik K.,2026,J Med Econ,2026 ROI Study,"Total cost of care is $2,400 lower/year for Brand LDX users.",,,,,,,,,,,,,,,,,
305,United States,10.1176/appi.ajp,"Volkow ND, et al.",2026,Am J Psychiatry,2026 Mechanism,New imaging of LDX occupancy in the striatum vs prefrontal cortex.,,,,,,,,,,,,,,,,,
306,United States,10.1176/appi.ajp,Volkow ND.,2026,Am J Psychiatry,2026 Mechanism,New imaging of LDX occupancy in the striatum vs prefrontal cortex.,,,,,,,,,,,,,,,,,
307,Multiple Countries,10.1016/S2215,"Cortese S, et al.",2018,Lancet Psychiatry,Network Meta-Analysis,Global evidence confirming the high efficacy profile of LDX across all adult/child populations.,,,,,,,,,,,,,,,,,
308,Multiple Countries,PMC10166776,"Chan AYL, et al.",2023,EClinicalMedicine,Global Consumption,Consumption trends for amphetamines/LDX in the Middle East and middle-income regions.,,,,,,,,,,,,,,,,,
309,N/A,10.1007/s40120-022,"Forns J, et al.",2022,Neurol Ther,CV Safety Cohort,No increased risk of major CV events vs other ADHD meds in properly assessed patients.,,,,,,,,,,,,,,,,,
310,N/A,10.1016/j.jaac.2024,"Bellato A, et al.",2025,JAACAP,Meta QoL Functional,Improvements in QoL and daily functioning correlated with symptom reduction.,,,,,,,,,,,,,,,,,
311,N/A,[2025 Network Meta],"Bellato A, et al.",2025,JAACAP,Meta QoL,Confirms medication improves quality of life domains beyond simple symptom scores.,,,,,,,,,,,,,,,,,
312,N/A,10.1002/erv.70070,[Recent 2025 BED Meta],2025,Eating & Weight Dis.,Systematic Review & Meta BED,Significant efficacy in reducing binge behaviors and obsessive-compulsive symptoms.,,,,,,,,,,,,,,,,,
